{
  "bm25": {
    "queries": 20,
    "mrr_at_10": 0.7933333333333333,
    "recall_at_5": 0.95,
    "ndcg_at_10": 0.8324356157188728
  },
  "lsa": {
    "queries": 20,
    "mrr_at_10": 0.6801388888888888,
    "recall_at_5": 0.875,
    "ndcg_at_10": 0.7479057466278787
  },
  "hybrid": {
    "queries": 20,
    "mrr_at_10": 0.735,
    "recall_at_5": 0.975,
    "ndcg_at_10": 0.8016325434127063
  },
  "hybrid_mmr": {
    "queries": 20,
    "mrr_at_10": 0.7333333333333333,
    "recall_at_5": 0.975,
    "ndcg_at_10": 0.791514630533428
  }
}
